vessel_id,eta,ata,delay_hours,predicted_delay
V02226,2024-07-30 22:12:14.924854,2024-07-31 02:03:14.924854,3.85,3.9050724846125506
V04095,2024-07-31 00:07:53.806962,2024-07-31 01:57:05.806962,1.82,1.8933783302639995
V05670,2024-07-31 01:25:16.048400,2024-07-31 02:36:04.048400,1.18,1.7390708473722296
V05738,2024-07-31 04:56:23.566220,2024-07-31 08:05:59.566220,3.16,3.013298253480154
V01576,2024-07-31 06:14:30.723065,2024-07-31 08:03:42.723065,1.82,2.246406791757816
V05460,2024-07-31 19:08:25.319156,2024-07-31 21:32:25.319156,2.4,2.2244946370644145
V01261,2024-08-01 06:03:58.505005,2024-08-01 08:08:10.505005,2.07,1.952528777116663
V01413,2024-08-01 11:30:13.277545,2024-08-01 14:59:01.277545,3.48,2.9100111182681054
V01781,2024-08-01 11:42:17.611679,2024-08-01 13:31:29.611679,1.82,1.9999908032771385
V05160,2024-08-01 13:33:12.967028,2024-08-01 16:39:12.967028,3.1,3.583834376364206
V03797,2024-08-01 13:39:08.459275,2024-08-01 15:53:32.459275,2.24,1.787908588316484
V01643,2024-08-01 15:24:59.434791,2024-08-01 17:15:23.434791,1.84,1.9632235841264505
V05012,2024-08-01 18:30:12.658961,2024-08-01 20:37:24.658961,2.12,2.237956416124336
V01056,2024-08-01 22:28:51.124797,2024-08-02 01:42:03.124797,3.22,3.0713430277265226
V05472,2024-08-01 23:00:55.038994,2024-08-02 00:34:31.038994,1.56,1.8733325070250237
V01167,2024-08-02 14:11:29.694482,2024-08-02 16:15:05.694482,2.06,1.9828476616541535
V05098,2024-08-02 16:14:42.193438,2024-08-02 18:59:42.193438,2.75,2.3183455225072964
V02791,2024-08-02 16:34:44.021680,2024-08-02 19:05:20.021680,2.51,2.123206389000605
V04399,2024-08-02 19:07:21.831685,2024-08-02 22:22:21.831685,3.25,3.24246468780389
V01296,2024-08-02 22:34:44.042398,2024-08-03 02:51:32.042398,4.28,3.9637392244560243
V03535,2024-08-03 01:39:13.560059,2024-08-03 03:20:01.560059,1.68,1.8358953666236248
V01004,2024-08-03 02:21:28.915238,2024-08-03 04:28:40.915238,2.12,2.0965850681187654
V02632,2024-08-04 01:06:43.433072,2024-08-04 03:24:43.433072,2.3,2.1236445138628177
V05295,2024-08-05 02:12:13.014390,2024-08-05 06:45:13.014390,4.55,3.799181744838098
V03988,2024-08-05 03:58:09.167047,2024-08-05 06:24:33.167047,2.44,2.211414559509567
V03066,2024-08-05 05:27:18.372837,2024-08-05 07:30:18.372837,2.05,1.97755860404049
V04827,2024-08-05 12:42:03.914835,2024-08-05 14:46:51.914835,2.08,1.9576006941332444
V05259,2024-08-05 18:49:39.468229,2024-08-05 20:24:27.468229,1.58,1.9369169696596593
V04699,2024-08-05 20:25:28.428871,2024-08-05 22:14:04.428871,1.81,1.7510943742756215
V04879,2024-08-05 20:34:55.204271,2024-08-05 22:24:43.204271,1.83,2.2428713661196835
V02959,2024-08-06 05:53:02.010799,2024-08-06 10:46:26.010799,4.89,4.04270157832355
V04588,2024-08-06 11:06:03.103715,2024-08-06 13:03:03.103715,1.95,2.316124098344747
V04475,2024-08-07 05:56:43.142781,2024-08-07 08:11:43.142781,2.25,2.1585549345124853
V04950,2024-08-07 10:09:55.191626,2024-08-07 11:53:43.191626,1.73,1.912494169935429
V03227,2024-08-07 12:33:39.020803,2024-08-07 15:19:51.020803,2.77,2.943016395806498
V03235,2024-08-07 19:13:54.689899,2024-08-07 23:25:54.689899,4.2,3.4204602210667874
V01814,2024-08-07 19:22:48.343950,2024-08-07 22:25:12.343950,3.04,2.4476206515540833
V03463,2024-08-07 19:25:10.858400,2024-08-07 21:13:10.858400,1.8,1.9085258580937519
V04821,2024-08-07 20:52:05.348999,2024-08-07 22:49:41.348999,1.96,1.9379846299424677
V05698,2024-08-08 01:14:47.715349,2024-08-08 04:44:47.715349,3.5,3.584210871899869
V02156,2024-08-08 06:31:03.262297,2024-08-08 10:48:27.262297,4.29,3.477201317069793
V04533,2024-08-08 17:36:17.754549,2024-08-08 19:57:53.754549,2.36,2.003011701436827
V01050,2024-08-08 23:20:18.263750,2024-08-09 03:17:18.263750,3.95,3.9784070581605313
V01842,2024-08-09 09:23:51.926405,2024-08-09 11:28:03.926405,2.07,2.420750308705064
V01441,2024-08-09 15:55:24.693909,2024-08-09 18:23:00.693909,2.46,2.0071484498195
V03058,2024-08-10 00:08:29.558788,2024-08-10 01:31:17.558788,1.38,1.5413437262384466
V05263,2024-08-10 00:31:22.423463,2024-08-10 02:16:58.423463,1.76,1.6333536854998214
V04460,2024-08-10 02:49:56.152114,2024-08-10 04:33:08.152114,1.72,1.9472631275803292
V02392,2024-08-10 04:17:34.429534,2024-08-10 06:44:34.429534,2.45,2.0857613669241526
V04427,2024-08-10 07:14:38.667438,2024-08-10 09:47:02.667438,2.54,2.0503731507364433
V02258,2024-08-10 09:39:19.630998,2024-08-10 11:39:19.630998,2.0,2.101676692091684
V04440,2024-08-10 13:54:42.313813,2024-08-10 16:20:30.313813,2.43,2.2531453703424624
V05193,2024-08-10 14:54:38.145083,2024-08-10 16:12:02.145083,1.29,1.6561830089214333
V04952,2024-08-11 00:00:54.488564,2024-08-11 01:32:42.488564,1.53,1.619654339042714
V01562,2024-08-11 02:07:27.013517,2024-08-11 04:19:27.013517,2.2,2.042562853915485
V03785,2024-08-11 03:31:55.090090,2024-08-11 05:54:43.090090,2.38,2.031175407374872
V01182,2024-08-11 05:26:55.224814,2024-08-11 07:10:43.224814,1.73,2.0093860370177197
V02417,2024-08-11 07:59:14.087218,2024-08-11 10:09:26.087218,2.17,2.3236402253323702
V01071,2024-08-11 17:04:06.859370,2024-08-11 21:09:30.859370,4.09,3.6268762548148357
V03692,2024-08-12 00:32:52.324131,2024-08-12 02:10:04.324131,1.62,1.9226230162009894
V04035,2024-08-12 01:59:00.716635,2024-08-12 04:26:36.716635,2.46,2.2254677021764926
V05488,2024-08-12 02:04:19.202058,2024-08-12 04:24:07.202058,2.33,2.2229044217317595
V04748,2024-08-12 02:38:23.459246,2024-08-12 04:11:59.459246,1.56,2.02104778657279
V04774,2024-08-12 04:50:28.922500,2024-08-12 09:04:52.922500,4.24,3.866016511145679
V01065,2024-08-12 07:59:14.156464,2024-08-12 10:04:38.156464,2.09,2.7163161241053815
V03285,2024-08-12 11:00:41.180242,2024-08-12 15:02:29.180242,4.03,4.241326484498772
V01072,2024-08-12 14:28:19.668155,2024-08-12 16:38:31.668155,2.17,1.825952893311191
V02917,2024-08-13 04:10:13.798099,2024-08-13 06:26:25.798099,2.27,1.9009882378450529
V01262,2024-08-13 23:34:26.052814,2024-08-14 01:35:02.052814,2.01,1.9796539078000506
V02902,2024-08-14 03:48:45.638014,2024-08-14 08:09:45.638014,4.35,3.9928616977665774
V01460,2024-08-14 08:43:39.049875,2024-08-14 11:01:03.049875,2.29,2.445235047743038
V05645,2024-08-14 08:44:37.009959,2024-08-14 11:25:25.009959,2.68,3.424412980812694
V04349,2024-08-14 13:50:30.030303,2024-08-14 15:50:30.030303,2.0,1.6627441829823073
V01759,2024-08-14 19:59:01.394303,2024-08-14 23:49:25.394303,3.84,3.275643728014961
V02956,2024-08-15 00:20:31.551041,2024-08-15 01:37:19.551041,1.28,1.677030755872189
V05507,2024-08-15 01:00:36.809928,2024-08-15 02:58:48.809928,1.97,1.858255890942989
V04150,2024-08-15 01:47:48.703383,2024-08-15 03:40:36.703383,1.88,1.9108103818398436
V03749,2024-08-16 00:17:59.179505,2024-08-16 04:43:47.179505,4.43,3.798626955840889
V04904,2024-08-16 01:43:22.043633,2024-08-16 07:18:46.043633,5.59,4.084345139467047
V02193,2024-08-16 02:13:01.105242,2024-08-16 03:31:37.105242,1.31,1.5419303077824276
V04391,2024-08-16 13:26:42.788423,2024-08-16 17:47:42.788423,4.35,3.7069732398082413
V03351,2024-08-16 16:45:29.484842,2024-08-16 18:23:53.484842,1.64,1.7367582838140516
V02330,2024-08-16 19:14:29.630549,2024-08-16 20:51:41.630549,1.62,2.4241648815480623
V02371,2024-08-16 23:39:01.165036,2024-08-17 01:12:37.165036,1.56,1.8458192299871383
V03553,2024-08-17 02:21:52.584740,2024-08-17 04:21:16.584740,1.99,2.4225042631561413
V02923,2024-08-17 15:42:41.486126,2024-08-17 17:51:05.486126,2.14,2.360085010231184
V01030,2024-08-17 22:27:24.040301,2024-08-18 01:18:24.040301,2.85,2.374685831250736
V01316,2024-08-18 10:43:33.204594,2024-08-18 13:09:57.204594,2.44,3.3943848358132813
V03106,2024-08-18 13:13:48.048321,2024-08-18 16:30:00.048321,3.27,3.196650123883547
V01021,2024-08-18 19:57:52.255767,2024-08-18 21:53:40.255767,1.93,2.00698763504716
V05712,2024-08-18 20:45:14.123087,2024-08-18 22:47:02.123087,2.03,2.038763603583606
V03896,2024-08-19 01:21:09.882232,2024-08-19 03:26:33.882232,2.09,2.1647910422597665
V05544,2024-08-19 04:51:02.150287,2024-08-19 07:00:02.150287,2.15,2.3601774491620358
V04001,2024-08-19 09:44:54.368718,2024-08-19 12:28:06.368718,2.72,2.342602007942413
V01940,2024-08-19 15:31:28.682422,2024-08-19 18:33:16.682422,3.03,2.9461970019702783
V03324,2024-08-19 17:08:59.964797,2024-08-19 21:18:35.964797,4.16,4.2077420302361785
V05663,2024-08-20 06:41:46.070909,2024-08-20 09:42:58.070909,3.02,2.8852946532615285
V02746,2024-08-20 14:11:44.921506,2024-08-20 16:00:20.921506,1.81,1.9770375073489264
V03930,2024-08-21 17:08:50.721378,2024-08-21 20:52:02.721378,3.72,3.7859823897693836
V03417,2024-08-22 01:29:27.643182,2024-08-22 05:29:27.643182,4.0,3.6114071751418995
V03759,2024-08-22 19:12:14.872110,2024-08-22 23:07:26.872110,3.92,3.7394064441875567
V03821,2024-08-23 09:32:41.182721,2024-08-23 12:35:41.182721,3.05,3.286459586436199
V01481,2024-08-23 15:08:38.996043,2024-08-23 17:42:50.996043,2.57,2.4137068984515584
V05784,2024-08-23 20:59:05.353675,2024-08-23 23:23:05.353675,2.4,2.3062742192414585
V05928,2024-08-24 05:31:29.951603,2024-08-24 08:29:05.951603,2.96,2.2281020429848573
V02409,2024-08-24 09:29:21.308598,2024-08-24 11:31:09.308598,2.03,1.5552506276277707
V03593,2024-08-24 12:54:15.983126,2024-08-24 16:37:27.983126,3.72,3.29857031670938
V02606,2024-08-24 14:46:12.290532,2024-08-24 16:30:00.290532,1.73,1.8748384746728208
V04339,2024-08-24 16:13:38.411134,2024-08-24 18:16:02.411134,2.04,1.813226006485562
V03175,2024-08-24 17:38:53.980879,2024-08-24 20:55:41.980879,3.28,3.3935417582714624
V03361,2024-08-25 01:14:41.008439,2024-08-25 03:29:05.008439,2.24,2.0206885973560595
V02540,2024-08-25 01:21:46.922540,2024-08-25 04:52:58.922540,3.52,3.22747186365196
V01490,2024-08-25 06:25:48.514299,2024-08-25 09:53:24.514299,3.46,4.117921195316088
V02978,2024-08-25 10:10:03.113029,2024-08-25 12:37:03.113029,2.45,1.8548528062189114
V03260,2024-08-25 17:30:52.512089,2024-08-25 22:08:04.512089,4.62,4.087992874694118
V04817,2024-08-25 20:07:28.266022,2024-08-25 22:17:04.266022,2.16,2.354847733108495
V01721,2024-08-26 01:21:44.911604,2024-08-26 03:08:32.911604,1.78,1.9343609854771473
V05752,2024-08-26 02:27:01.523508,2024-08-26 05:12:37.523508,2.76,2.2966096432444076
V04566,2024-08-26 14:43:20.538887,2024-08-26 16:06:44.538887,1.39,1.6246631909528224
V04693,2024-08-26 15:31:44.281430,2024-08-26 17:25:44.281430,1.9,1.6349319625600658
V01777,2024-08-26 20:37:29.883482,2024-08-26 22:41:41.883482,2.07,1.9687027184484296
V05532,2024-08-27 00:06:49.274961,2024-08-27 02:45:49.274961,2.65,1.9889517918191384
V05191,2024-08-27 03:30:06.336348,2024-08-27 07:00:42.336348,3.51,3.5047528820864855
V02846,2024-08-27 08:15:29.254743,2024-08-27 12:20:17.254743,4.08,3.374015040400546
V01226,2024-08-28 06:20:34.582629,2024-08-28 10:03:46.582629,3.72,3.2613394234335535
V01106,2024-08-28 09:13:30.398240,2024-08-28 11:06:18.398240,1.88,2.1600002579369533
V05765,2024-08-28 14:31:16.812119,2024-08-28 16:25:16.812119,1.9,1.8950877662701964
V05805,2024-08-28 15:59:23.811603,2024-08-28 19:06:35.811603,3.12,3.6264988373195353
V05589,2024-08-28 22:56:09.696862,2024-08-29 00:59:09.696862,2.05,1.983433447377289
V04310,2024-08-29 03:47:32.371895,2024-08-29 10:43:20.371895,6.93,4.539134227376134
V01102,2024-08-29 04:23:10.958999,2024-08-29 06:29:10.958999,2.1,2.0315989739289337
V03258,2024-08-29 10:13:05.193462,2024-08-29 14:04:05.193462,3.85,4.218302574984397
V05666,2024-08-29 10:46:12.449581,2024-08-29 12:31:48.449581,1.76,1.7746551846592098
V05046,2024-08-29 16:48:58.260788,2024-08-29 18:48:58.260788,2.0,2.026003457127846
V02171,2024-08-29 19:06:38.544008,2024-08-29 23:08:26.544008,4.03,4.0416173840142005
V02693,2024-08-29 20:57:11.911933,2024-08-29 23:24:11.911933,2.45,2.0303698920462123
V04325,2024-08-30 00:18:24.278443,2024-08-30 04:08:12.278443,3.83,4.012083951029668
V05483,2024-08-30 02:03:44.221357,2024-08-30 04:16:20.221357,2.21,2.0406684441679737
V04447,2024-08-30 03:11:10.871677,2024-08-30 05:38:46.871677,2.46,2.2074145996766554
V03730,2024-08-30 05:13:05.255880,2024-08-30 07:03:29.255880,1.84,1.8684407271650678
V03495,2024-08-30 07:44:01.843680,2024-08-30 09:08:01.843680,1.4,1.9216050736539514
V02056,2024-08-30 17:26:02.370285,2024-08-30 18:53:02.370285,1.45,1.5979036619815883
V05571,2024-08-30 17:34:36.400149,2024-08-30 19:56:12.400149,2.36,2.3679619206647047
V04635,2024-08-30 19:39:55.990862,2024-08-30 21:59:07.990862,2.32,1.8565889232277077
V04651,2024-08-31 01:13:11.779154,2024-08-31 04:23:59.779154,3.18,3.5393165171987575
V03025,2024-08-31 06:42:15.199341,2024-08-31 08:38:03.199341,1.93,1.9324307288563272
V03068,2024-08-31 17:34:30.807582,2024-08-31 21:39:18.807582,4.08,3.134673906324436
V05502,2024-08-31 17:40:16.585487,2024-08-31 20:24:04.585487,2.73,3.0270319074286665
V02009,2024-08-31 18:32:30.408184,2024-08-31 23:06:42.408184,4.57,3.7640097120934053
V04214,2024-09-01 03:04:01.795085,2024-09-01 07:17:49.795085,4.23,3.615371170788311
V04933,2024-09-01 10:53:02.026067,2024-09-01 15:08:38.026067,4.26,3.4245734536642445
V02339,2024-09-01 16:53:45.782803,2024-09-01 19:28:33.782803,2.58,2.226846442328727
V02071,2024-09-01 17:18:33.150344,2024-09-01 19:27:33.150344,2.15,1.8466084980197073
V05958,2024-09-02 03:44:53.660634,2024-09-02 05:20:53.660634,1.6,2.0496061876760843
V04079,2024-09-02 06:03:22.491487,2024-09-02 07:48:22.491487,1.75,2.160434792437317
V03945,2024-09-02 08:57:17.126931,2024-09-02 10:50:05.126931,1.88,1.6572453648270669
V01536,2024-09-02 10:51:29.433957,2024-09-02 13:53:53.433957,3.04,3.3620780809439057
V02638,2024-09-02 11:34:28.055278,2024-09-02 13:06:16.055278,1.53,1.5212778507957005
V05479,2024-09-02 16:01:18.750362,2024-09-02 17:51:42.750362,1.84,2.072774408346426
V02821,2024-09-02 22:18:29.989307,2024-09-03 00:46:05.989307,2.46,2.435854173026177
V01616,2024-09-03 03:26:20.747549,2024-09-03 06:54:32.747549,3.47,3.4946560482684825
V01592,2024-09-03 20:42:13.580502,2024-09-03 22:24:13.580502,1.7,1.9656399508858589
V03132,2024-09-03 20:46:22.160883,2024-09-03 22:32:34.160883,1.77,1.8204896140501294
V01979,2024-09-03 23:49:37.198043,2024-09-04 01:49:01.198043,1.99,2.024540706921363
V02236,2024-09-04 01:06:55.441110,2024-09-04 07:00:19.441110,5.89,4.619757907693174
V05000,2024-09-04 02:06:27.012638,2024-09-04 04:00:27.012638,1.9,2.059700062726371
V04096,2024-09-04 02:49:01.255220,2024-09-04 05:44:13.255220,2.92,2.4216135952334805
V02311,2024-09-04 03:40:14.057443,2024-09-04 06:55:50.057443,3.26,3.377505564216923
V02099,2024-09-04 07:12:06.835751,2024-09-04 10:13:18.835751,3.02,2.1925090743085347
V03646,2024-09-04 08:42:32.369397,2024-09-04 10:45:32.369397,2.05,1.9291098295303069
V05713,2024-09-04 09:39:59.240246,2024-09-04 11:05:11.240246,1.42,1.7669461479324082
V01049,2024-09-04 11:24:45.241570,2024-09-04 12:42:09.241570,1.29,1.8688070188621406
V03233,2024-09-04 22:54:04.592631,2024-09-05 01:31:16.592631,2.62,2.27257601028433
V01754,2024-09-05 05:01:06.050026,2024-09-05 07:19:42.050026,2.31,1.9374091888105145
V05278,2024-09-05 15:41:58.813237,2024-09-05 17:27:34.813237,1.76,1.7311359157354733
V02539,2024-09-05 17:14:55.057860,2024-09-05 20:09:31.057860,2.91,3.5691438685244234
V01904,2024-09-06 01:08:51.669233,2024-09-06 03:14:51.669233,2.1,2.994414658966173
V04716,2024-09-06 02:42:05.510471,2024-09-06 04:25:53.510471,1.73,1.7530332709701582
V03771,2024-09-06 14:37:49.447107,2024-09-06 16:36:37.447107,1.98,1.99337531431688
V02122,2024-09-06 16:13:16.541265,2024-09-06 18:59:28.541265,2.77,3.743757979980238
V05535,2024-09-06 18:07:51.519064,2024-09-06 21:28:15.519064,3.34,3.5266380518135607
V01633,2024-09-06 22:15:06.071758,2024-09-07 00:03:06.071758,1.8,2.0674661558549516
V05298,2024-09-07 00:05:23.101278,2024-09-07 02:01:47.101278,1.94,2.0745472971845413
V02777,2024-09-07 00:56:06.878916,2024-09-07 03:59:06.878916,3.05,3.325939169546542
V02092,2024-09-07 04:25:47.869499,2024-09-07 06:39:35.869499,2.23,2.128781308301714
V04665,2024-09-07 05:20:33.247732,2024-09-07 07:22:21.247732,2.03,1.9791298513005127
V05741,2024-09-07 17:54:29.346644,2024-09-07 20:01:41.346644,2.12,2.3105528943697657
V02328,2024-09-07 19:01:29.849645,2024-09-08 00:04:29.849645,5.05,3.9361908479022403
V01928,2024-09-07 23:22:59.379848,2024-09-08 01:41:35.379848,2.31,1.9804961508957246
V04431,2024-09-08 06:11:07.345070,2024-09-08 08:26:07.345070,2.25,2.052230152031181
V04941,2024-09-08 13:47:44.138079,2024-09-08 16:09:56.138079,2.37,1.7027290611018422
V05766,2024-09-08 15:38:45.706258,2024-09-08 18:53:45.706258,3.25,3.120548820078664
V03974,2024-09-08 16:42:54.399613,2024-09-08 20:39:54.399613,3.95,3.069498008829256
V02320,2024-09-08 18:40:23.439665,2024-09-08 20:16:59.439665,1.61,2.2844058505608835
V05292,2024-09-08 21:51:51.212149,2024-09-09 01:05:39.212149,3.23,3.841995868403857
V05781,2024-09-08 23:57:26.236741,2024-09-09 01:38:14.236741,1.68,1.5582321445381848
V02836,2024-09-09 03:07:46.682683,2024-09-09 06:23:22.682683,3.26,3.1316213455536372
V04352,2024-09-09 03:40:54.297619,2024-09-09 05:43:54.297619,2.05,1.8732147259998368
V02913,2024-09-09 07:26:33.274260,2024-09-09 09:08:33.274260,1.7,1.9640892096529354
V01438,2024-09-09 13:00:16.085891,2024-09-09 16:07:28.085891,3.12,2.3480378119711256
V04190,2024-09-10 01:11:39.804710,2024-09-10 02:58:27.804710,1.78,2.0586914229156745
V01970,2024-09-10 01:30:09.049474,2024-09-10 05:16:21.049474,3.77,3.7571397951590066
V03371,2024-09-10 03:40:27.074954,2024-09-10 06:08:03.074954,2.46,2.2241731786541665
V02483,2024-09-10 16:04:16.665884,2024-09-10 17:52:52.665884,1.81,2.05810184481921
V04846,2024-09-10 16:17:31.336503,2024-09-10 17:43:19.336503,1.43,1.6139056451115135
V03121,2024-09-10 19:07:40.434137,2024-09-10 21:52:04.434137,2.74,2.3335120215910603
V03879,2024-09-10 20:55:32.296976,2024-09-10 22:24:56.296976,1.49,1.7994470002676366
V05714,2024-09-10 21:14:24.944950,2024-09-11 01:09:36.944950,3.92,3.7927040520348236
V02053,2024-09-10 23:31:05.896659,2024-09-11 01:41:53.896659,2.18,2.0398921951069875
V02885,2024-09-11 01:32:50.727899,2024-09-11 05:06:26.727899,3.56,3.4764324145169514
V02604,2024-09-11 12:16:46.454178,2024-09-11 15:34:46.454178,3.3,3.4223608427194128
V05541,2024-09-12 03:42:51.653400,2024-09-12 06:53:39.653400,3.18,3.915118679852446
V03030,2024-09-12 04:19:29.642566,2024-09-12 06:27:17.642566,2.13,1.9780748880550605
V05093,2024-09-12 06:15:48.505642,2024-09-12 08:32:00.505642,2.27,2.2129519670388778
V04314,2024-09-12 17:48:57.904508,2024-09-12 19:46:33.904508,1.96,1.9655602096316576
V02888,2024-09-12 23:53:02.845657,2024-09-13 03:48:50.845657,3.93,3.893362096534626
V01074,2024-09-13 06:26:41.950377,2024-09-13 10:13:29.950377,3.78,4.169254889556306
V02635,2024-09-13 15:12:22.962131,2024-09-13 20:27:22.962131,5.25,3.689822504720067
V04711,2024-09-13 19:31:18.827834,2024-09-13 21:46:18.827834,2.25,2.0047109116471793
V04820,2024-09-14 11:24:04.473332,2024-09-14 14:55:16.473332,3.52,3.3400376972922787
V01523,2024-09-14 23:00:53.909888,2024-09-15 00:39:53.909888,1.65,1.7169145232924934
V01132,2024-09-15 04:28:22.495699,2024-09-15 06:37:58.495699,2.16,1.9353384311249169
V05969,2024-09-15 10:01:22.184917,2024-09-15 14:05:34.184917,4.07,4.076644097244319
V03696,2024-09-15 19:05:42.384556,2024-09-15 20:45:54.384556,1.67,1.881360213474623
V05202,2024-09-16 00:25:27.898250,2024-09-16 02:46:27.898250,2.35,1.9390199190999082
V04486,2024-09-16 02:38:19.677016,2024-09-16 03:54:31.677016,1.27,1.836250176100859
V03500,2024-09-16 13:13:49.040592,2024-09-16 15:25:13.040592,2.19,1.896388706885972
V02737,2024-09-16 13:52:21.549887,2024-09-16 15:46:21.549887,1.9,1.7744440082898847
V05060,2024-09-16 15:53:17.008516,2024-09-16 17:14:53.008516,1.36,1.571386282891784
V01409,2024-09-16 19:53:11.591485,2024-09-16 22:06:59.591485,2.23,2.310901223149332
V03632,2024-09-16 21:21:43.635536,2024-09-17 00:33:43.635536,3.2,3.123839363548342
V02612,2024-09-17 05:11:45.518107,2024-09-17 06:49:33.518107,1.63,1.7131757148190498
V01583,2024-09-17 09:34:29.312228,2024-09-17 13:08:41.312228,3.57,3.9386113123468802
V05770,2024-09-17 09:44:15.683542,2024-09-17 11:08:51.683542,1.41,1.7555889501553636
V03166,2024-09-17 10:31:16.388238,2024-09-17 13:10:52.388238,2.66,3.2690307670319885
V05433,2024-09-17 16:38:20.670644,2024-09-17 18:22:44.670644,1.74,1.8981999126037938
V02301,2024-09-17 23:16:28.338790,2024-09-18 01:07:28.338790,1.85,2.0005244125605723
V05853,2024-09-18 00:41:41.649295,2024-09-18 01:53:05.649295,1.19,1.7160866699899964
V01937,2024-09-18 01:36:30.644488,2024-09-18 03:02:18.644488,1.43,1.875009912768464
V02587,2024-09-18 06:53:17.850223,2024-09-18 08:42:29.850223,1.82,1.870001272614359
V01455,2024-09-18 07:51:27.539005,2024-09-18 09:26:15.539005,1.58,1.867350600527872
V03558,2024-09-18 11:48:35.255125,2024-09-18 15:08:23.255125,3.33,3.381809321699281
V05001,2024-09-18 21:42:25.529801,2024-09-19 00:01:37.529801,2.32,2.366080213965593
V01117,2024-09-19 05:26:41.046880,2024-09-19 07:10:29.046880,1.73,1.942658837581471
V03297,2024-09-19 06:28:54.348073,2024-09-19 08:03:42.348073,1.58,1.662676307931207
V03041,2024-09-19 06:40:46.786567,2024-09-19 08:22:10.786567,1.69,1.9515123088459614
V02676,2024-09-19 07:41:47.286064,2024-09-19 10:20:47.286064,2.65,2.19614403153086
V01648,2024-09-19 08:21:40.829296,2024-09-19 09:45:04.829296,1.39,2.294043746267894
V04722,2024-09-19 18:29:49.399474,2024-09-19 20:13:37.399474,1.73,1.836673759742755
V05655,2024-09-19 19:59:08.304410,2024-09-19 21:26:08.304410,1.45,1.7536834208583891
V02557,2024-09-19 22:58:57.716069,2024-09-20 02:21:45.716069,3.38,2.996935494464185
V03267,2024-09-20 06:35:50.996045,2024-09-20 08:28:38.996045,1.88,1.8650194461072402
V05689,2024-09-20 17:46:00.198046,2024-09-20 19:29:12.198046,1.72,2.0026680016439724
V01336,2024-09-20 23:57:55.739256,2024-09-21 02:51:19.739256,2.89,3.383104163883082
V03168,2024-09-21 03:33:16.951727,2024-09-21 05:34:28.951727,2.02,2.0063666657021617
V01401,2024-09-21 08:26:21.465359,2024-09-21 11:13:45.465359,2.79,3.2515422294469047
V03631,2024-09-21 13:31:41.622615,2024-09-21 16:36:29.622615,3.08,3.473437247807629
V01600,2024-09-22 05:33:42.960083,2024-09-22 08:06:42.960083,2.55,3.4872217120562787
V03778,2024-09-22 08:01:56.312673,2024-09-22 10:50:32.312673,2.81,2.331969683214933
V05350,2024-09-22 12:15:22.915146,2024-09-22 14:18:58.915146,2.06,1.5492215775335545
V01770,2024-09-22 22:19:54.120151,2024-09-23 00:19:18.120151,1.99,1.75837591391778
V01278,2024-09-22 22:56:01.934732,2024-09-23 01:15:49.934732,2.33,1.922420000282286
V05911,2024-09-23 01:43:09.735278,2024-09-23 05:11:21.735278,3.47,3.6734238756495667
V02410,2024-09-23 07:24:23.655003,2024-09-23 09:18:23.655003,1.9,1.6166698574031604
V03409,2024-09-24 02:23:34.003580,2024-09-24 04:03:10.003580,1.66,1.9136972500502623
V04925,2024-09-24 03:00:41.568274,2024-09-24 06:26:29.568274,3.43,3.30400327201942
V03255,2024-09-24 15:40:57.674393,2024-09-24 17:30:09.674393,1.82,1.5218772779863927
V04614,2024-09-24 23:22:57.248798,2024-09-25 02:36:45.248798,3.23,3.396869500889433
V02457,2024-09-24 23:47:00.243138,2024-09-25 02:12:48.243138,2.43,2.3772245882234135
V04845,2024-09-25 00:26:24.163139,2024-09-25 02:03:36.163139,1.62,1.5816175104124044
V05919,2024-09-25 06:45:43.899945,2024-09-25 10:24:07.899945,3.64,3.231879188743579
V02486,2024-09-25 10:49:13.796627,2024-09-25 13:17:25.796627,2.47,3.0143379159996826
V02758,2024-09-25 15:53:08.552431,2024-09-25 17:37:32.552431,1.74,2.3753550685375138
V01692,2024-09-25 17:03:13.757729,2024-09-25 18:44:01.757729,1.68,1.9006335598039619
V02938,2024-09-26 05:11:47.345896,2024-09-26 07:11:11.345896,1.99,1.9282906309127381
V02211,2024-09-26 06:01:05.681896,2024-09-26 07:23:53.681896,1.38,1.8372075482745966
V01851,2024-09-26 13:55:34.940151,2024-09-26 15:43:34.940151,1.8,1.9283953701480823
V02739,2024-09-26 19:57:26.349138,2024-09-26 22:36:26.349138,2.65,2.892610440013857
V01015,2024-09-26 23:57:42.196263,2024-09-27 02:21:42.196263,2.4,2.256820591486955
V04053,2024-09-27 00:49:10.251458,2024-09-27 03:41:22.251458,2.87,3.156561608746058
V03955,2024-09-27 12:11:12.892271,2024-09-27 16:33:24.892271,4.37,3.656043058989302
V05318,2024-09-27 12:40:21.589858,2024-09-27 14:21:45.589858,1.69,1.6354673907049095
V05155,2024-09-27 14:37:13.955455,2024-09-27 17:35:25.955455,2.97,2.9984927711359255
V03251,2024-09-27 14:39:37.960658,2024-09-27 16:54:01.960658,2.24,2.283492004240953
V04940,2024-09-27 19:54:26.633375,2024-09-27 21:53:50.633375,1.99,1.9735621974166508
V05940,2024-09-27 22:35:04.605185,2024-09-28 02:57:52.605185,4.38,3.464874483614615
V03359,2024-09-28 10:57:38.832691,2024-09-28 13:19:14.832691,2.36,2.338765490353623
V03099,2024-09-28 11:01:07.732750,2024-09-28 13:29:55.732750,2.48,2.32631924818082
V02423,2024-09-29 00:15:37.439104,2024-09-29 02:38:25.439104,2.38,2.3844243409263317
V01309,2024-09-29 00:47:14.582393,2024-09-29 04:28:02.582393,3.68,3.5820893577497595
V04281,2024-09-29 02:05:40.633139,2024-09-29 04:24:52.633139,2.32,2.1267807099545077
V03279,2024-09-29 11:55:04.902296,2024-09-29 15:55:04.902296,4.0,3.9952328238326995
V02936,2024-09-30 00:39:42.942431,2024-09-30 04:51:06.942431,4.19,3.4429703718405857
V03542,2024-09-30 01:46:35.920831,2024-09-30 03:16:35.920831,1.5,1.6175474633368703
V04027,2024-09-30 10:09:00.584170,2024-09-30 11:57:00.584170,1.8,1.7037147675753888
V03171,2024-09-30 10:23:34.564636,2024-09-30 14:07:58.564636,3.74,3.325540363980526
V02985,2024-09-30 16:14:59.969615,2024-09-30 19:18:35.969615,3.06,3.095014273537517
V04509,2024-09-30 22:26:07.562849,2024-10-01 00:29:43.562849,2.06,2.214469690481862
V05194,2024-10-01 00:29:35.015484,2024-10-01 03:35:35.015484,3.1,3.019379867259671
V04204,2024-10-01 01:58:41.450372,2024-10-01 02:51:29.450372,0.88,1.2828678231863373
V03859,2024-10-01 03:26:13.009117,2024-10-01 05:12:25.009117,1.77,1.5138091352282275
V03032,2024-10-01 15:50:59.911974,2024-10-01 18:36:35.911974,2.76,2.631165094069387
V03413,2024-10-02 03:31:58.408116,2024-10-02 06:34:58.408116,3.05,3.093581230913377
V05688,2024-10-02 05:31:52.368933,2024-10-02 07:31:52.368933,2.0,2.664402015668475
V05531,2024-10-02 08:30:22.474521,2024-10-02 09:54:22.474521,1.4,1.4334779312950179
V04160,2024-10-02 17:34:54.031787,2024-10-02 20:37:18.031787,3.04,3.307075335013209
V02490,2024-10-02 20:06:39.784923,2024-10-02 21:42:03.784923,1.59,1.8051357598376758
V04777,2024-10-02 20:45:21.421244,2024-10-02 22:54:21.421244,2.15,3.442983069135245
V04351,2024-10-03 09:43:42.384777,2024-10-03 11:12:30.384777,1.48,1.5237892541350577
V05312,2024-10-03 11:01:42.041686,2024-10-03 12:19:42.041686,1.3,1.3559306937665572
V02869,2024-10-03 22:32:36.177776,2024-10-04 01:21:48.177776,2.82,3.3655490809364377
V03509,2024-10-04 04:58:13.420948,2024-10-04 07:48:01.420948,2.83,3.6488504620235496
V01498,2024-10-04 12:35:27.650827,2024-10-04 15:01:51.650827,2.44,1.9439313479100346
V05915,2024-10-04 17:15:20.928735,2024-10-04 18:59:08.928735,1.73,2.6268691352459674
V03218,2024-10-04 22:19:50.799445,2024-10-05 00:31:14.799445,2.19,2.463545103448814
V02434,2024-10-04 22:48:32.453249,2024-10-05 00:11:56.453249,1.39,1.841247092817801
V02304,2024-10-05 03:41:32.042183,2024-10-05 05:31:20.042183,1.83,1.853790895957459
V01980,2024-10-05 04:59:34.620049,2024-10-05 06:36:46.620049,1.62,1.5113313252150484
V03328,2024-10-05 09:23:11.211214,2024-10-05 10:32:47.211214,1.16,1.465474304448238
V04787,2024-10-05 13:47:38.111852,2024-10-05 15:14:02.111852,1.44,1.573808779183158
V02529,2024-10-05 19:05:58.373797,2024-10-05 20:34:10.373797,1.47,1.7589103153770216
V02593,2024-10-06 01:07:04.612748,2024-10-06 04:23:52.612748,3.28,3.3752991405764665
V05447,2024-10-06 02:01:19.429636,2024-10-06 04:03:43.429636,2.04,1.7617488281431757
V03720,2024-10-06 03:17:25.395612,2024-10-06 06:51:37.395612,3.57,3.19966798370072
V02024,2024-10-06 08:50:42.147284,2024-10-06 11:52:30.147284,3.03,3.3573921608848973
V01664,2024-10-06 17:36:40.445686,2024-10-06 19:25:52.445686,1.82,1.7285717141846222
V05824,2024-10-06 23:25:28.606820,2024-10-07 00:55:28.606820,1.5,1.8255394647277101
V04900,2024-10-07 00:20:03.789792,2024-10-07 01:56:03.789792,1.6,1.831080698623973
V02849,2024-10-07 05:57:38.459568,2024-10-07 08:20:26.459568,2.38,3.123023725000494
V05556,2024-10-07 23:00:08.256844,2024-10-08 00:42:08.256844,1.7,1.8501657992992024
V01344,2024-10-07 23:57:23.876086,2024-10-08 02:09:23.876086,2.2,1.837464429798445
V04468,2024-10-08 00:50:58.900385,2024-10-08 03:05:58.900385,2.25,2.7826083004598545
V05230,2024-10-08 11:04:06.397409,2024-10-08 13:32:18.397409,2.47,3.390032767438115
V05820,2024-10-08 13:21:34.304198,2024-10-08 14:56:58.304198,1.59,1.4113879089226138
V03021,2024-10-08 14:55:05.964238,2024-10-08 16:38:17.964238,1.72,1.7292877590321503
V05319,2024-10-08 18:12:55.453380,2024-10-08 20:56:07.453380,2.72,2.649782146305302
V03995,2024-10-08 19:23:22.781464,2024-10-08 22:43:46.781464,3.34,3.031842013086531
V01619,2024-10-08 20:45:53.003280,2024-10-08 22:08:05.003280,1.37,1.7554805498744375
V03193,2024-10-08 23:04:15.800905,2024-10-09 02:52:51.800905,3.81,3.270161406255509
V03243,2024-10-09 00:58:12.849671,2024-10-09 02:58:48.849671,2.01,2.804918579510296
V05907,2024-10-09 06:56:21.797749,2024-10-09 08:14:57.797749,1.31,1.4336887064664867
V02086,2024-10-09 11:39:46.967997,2024-10-09 13:30:46.967997,1.85,1.9233946513630478
V01010,2024-10-09 12:56:53.838098,2024-10-09 14:32:17.838098,1.59,1.4290900178150479
V03854,2024-10-09 16:15:15.218769,2024-10-09 17:52:27.218769,1.62,1.8133745406938337
V05972,2024-10-09 21:29:23.575539,2024-10-09 22:37:11.575539,1.13,1.546184406483274
V04732,2024-10-10 12:56:31.542568,2024-10-10 14:49:55.542568,1.89,1.8805673462336128
V04280,2024-10-11 02:43:37.875028,2024-10-11 04:48:25.875028,2.08,2.90364895743952
V01368,2024-10-11 04:21:06.058715,2024-10-11 06:20:30.058715,1.99,2.965105893027907
V04185,2024-10-11 04:51:46.147628,2024-10-11 06:20:34.147628,1.48,1.7598626844891017
V04648,2024-10-11 08:51:33.903577,2024-10-11 10:22:09.903577,1.51,1.807090205779108
V03281,2024-10-11 11:07:00.828927,2024-10-11 12:29:48.828927,1.38,1.8424831614954718
V05840,2024-10-11 13:11:26.128999,2024-10-11 15:47:26.128999,2.6,2.9950260935184363
V05332,2024-10-11 18:45:49.795747,2024-10-11 21:22:25.795747,2.61,3.10149352224796
V04513,2024-10-11 21:13:18.112310,2024-10-11 22:53:30.112310,1.67,1.5241101404953592
V04021,2024-10-12 08:29:19.233748,2024-10-12 10:28:07.233748,1.98,3.3130364630065365
V04483,2024-10-12 10:08:37.172820,2024-10-12 12:28:25.172820,2.33,3.0361704802855414
V04637,2024-10-12 13:35:46.969850,2024-10-12 15:26:46.969850,1.85,1.7835047561502881
V03087,2024-10-12 16:25:49.164766,2024-10-12 19:10:49.164766,2.75,2.7836490077612392
V03718,2024-10-12 17:34:28.140679,2024-10-12 21:07:28.140679,3.55,2.9670830986723025
V04841,2024-10-12 21:51:40.229596,2024-10-12 23:38:28.229596,1.78,1.5372585279072246
V03813,2024-10-13 04:15:51.430685,2024-10-13 06:05:39.430685,1.83,1.8501066009796554
V05732,2024-10-13 07:44:03.722920,2024-10-13 08:57:15.722920,1.22,1.7413454826399206
V03967,2024-10-13 10:16:41.190476,2024-10-13 13:56:53.190476,3.67,4.40589145475769
V01394,2024-10-13 17:11:01.395897,2024-10-13 19:08:01.395897,1.95,1.735928464527488
V03294,2024-10-13 20:42:19.950096,2024-10-13 22:22:31.950096,1.67,1.499574698947204
V05177,2024-10-14 04:44:53.822641,2024-10-14 06:25:41.822641,1.68,1.7706840295246942
V02070,2024-10-14 12:39:41.373323,2024-10-14 16:16:17.373323,3.61,3.3735815389735153
V05138,2024-10-14 12:53:05.764168,2024-10-14 14:35:05.764168,1.7,1.480457249106498
V05552,2024-10-14 19:38:47.546346,2024-10-14 22:22:35.546346,2.73,3.0974662485117044
V02214,2024-10-15 00:27:00.953740,2024-10-15 03:08:24.953740,2.69,3.093370834980742
V01006,2024-10-15 00:27:15.492826,2024-10-15 01:56:39.492826,1.49,1.3758569669972485
V05197,2024-10-15 09:36:21.358237,2024-10-15 11:12:57.358237,1.61,1.5054754113789102
V03009,2024-10-15 09:52:36.457630,2024-10-15 11:26:48.457630,1.57,1.501690732279846
V03035,2024-10-15 12:24:53.514287,2024-10-15 14:06:17.514287,1.69,1.5008664503217053
V05858,2024-10-16 04:29:12.282247,2024-10-16 05:59:48.282247,1.51,1.7716780372048242
V05657,2024-10-16 06:07:38.215699,2024-10-16 07:30:26.215699,1.38,1.4974418706423474
V05016,2024-10-16 08:20:18.233395,2024-10-16 11:01:42.233395,2.69,2.779786886564818
V04916,2024-10-16 20:13:25.341663,2024-10-16 23:15:49.341663,3.04,2.9245601268125845
V05469,2024-10-17 01:03:18.794979,2024-10-17 02:39:18.794979,1.6,1.73379498926786
V02094,2024-10-17 01:51:38.596781,2024-10-17 03:52:50.596781,2.02,1.85865713547582
V04695,2024-10-17 04:19:01.208963,2024-10-17 07:49:01.208963,3.5,3.3165604503192956
V01844,2024-10-17 07:24:10.480985,2024-10-17 09:04:22.480985,1.67,1.9169346363110866
V01909,2024-10-17 16:22:41.974876,2024-10-17 18:30:29.974876,2.13,1.7783442846376198
V01794,2024-10-17 19:59:55.696801,2024-10-17 20:56:55.696801,0.95,1.4301283236535214
V01406,2024-10-18 00:37:39.906324,2024-10-18 01:34:39.906324,0.95,1.3022594980474038
V01289,2024-10-18 03:51:11.177254,2024-10-18 06:38:35.177254,2.79,3.056212910234901
V05330,2024-10-18 04:58:42.752778,2024-10-18 06:14:54.752778,1.27,1.4926279904284299
V03345,2024-10-18 05:53:26.855510,2024-10-18 09:03:38.855510,3.17,2.879670155731386
V01256,2024-10-18 08:44:50.058618,2024-10-18 10:10:02.058618,1.42,1.5360613238115275
V01952,2024-10-18 10:17:59.112306,2024-10-18 12:11:59.112306,1.9,1.7291950158240528
V05425,2024-10-18 12:45:29.154611,2024-10-18 14:10:41.154611,1.42,1.4013700013036403
V03047,2024-10-18 12:51:19.253923,2024-10-18 14:00:55.253923,1.16,1.6194772357881368
V05660,2024-10-18 17:58:33.895239,2024-10-18 20:00:57.895239,2.04,1.868362232240571
V01208,2024-10-18 20:37:46.942732,2024-10-18 22:55:46.942732,2.3,2.8267025797997305
V03513,2024-10-18 22:42:26.063858,2024-10-19 00:25:02.063858,1.71,1.8162712313428875
V02622,2024-10-19 02:42:48.957142,2024-10-19 04:20:36.957142,1.63,2.933877003633776
V01752,2024-10-19 03:39:53.900575,2024-10-19 06:14:05.900575,2.57,2.7897308496449016
V01957,2024-10-19 08:31:13.055986,2024-10-19 10:22:49.055986,1.86,1.7046068788341033
V03679,2024-10-19 08:33:47.840702,2024-10-19 09:55:59.840702,1.37,1.8507755625266213
V04743,2024-10-19 09:19:54.025675,2024-10-19 11:19:54.025675,2.0,1.7362514591180118
V03989,2024-10-19 12:43:03.354808,2024-10-19 14:31:39.354808,1.81,1.6401162582684363
V01887,2024-10-19 14:43:10.396482,2024-10-19 16:15:34.396482,1.54,1.7539716225793347
V04772,2024-10-20 06:39:23.697639,2024-10-20 08:59:47.697639,2.34,2.653366614301273
V02427,2024-10-20 13:01:45.476526,2024-10-20 15:24:33.476526,2.38,1.7951418972095237
V04856,2024-10-20 16:46:27.159421,2024-10-20 18:15:51.159421,1.49,1.5581554325726572
V02051,2024-10-20 17:04:43.201351,2024-10-20 18:16:43.201351,1.2,1.2623145022709115
V01864,2024-10-20 20:57:41.332134,2024-10-20 23:01:53.332134,2.07,1.8037737184747547
V01946,2024-10-21 05:50:44.923407,2024-10-21 07:13:32.923407,1.38,1.4339397422146771
V02472,2024-10-21 09:29:57.775216,2024-10-21 13:04:09.775216,3.57,3.292585132534845
V03603,2024-10-21 14:56:41.351579,2024-10-21 16:20:41.351579,1.4,1.831007912736275
V02140,2024-10-21 17:09:33.454534,2024-10-21 19:20:57.454534,2.19,1.8408546167630548
V04269,2024-10-21 18:18:51.206013,2024-10-21 19:29:03.206013,1.17,1.4176294749333322
V02442,2024-10-21 20:20:22.229978,2024-10-21 22:07:10.229978,1.78,1.474745524696141
V05201,2024-10-22 01:24:57.873559,2024-10-22 02:48:57.873559,1.4,1.3801426699398684
V05986,2024-10-22 08:23:24.336378,2024-10-22 10:14:24.336378,1.85,1.7143685852629535
V03782,2024-10-22 19:29:26.077146,2024-10-22 20:53:26.077146,1.4,1.5465130614521965
V04888,2024-10-23 06:20:31.856841,2024-10-23 09:35:31.856841,3.25,3.9936242398298125
V04223,2024-10-23 10:23:45.978538,2024-10-23 11:10:33.978538,0.78,1.6279785480465596
V01103,2024-10-23 10:33:30.195159,2024-10-23 14:11:18.195159,3.63,2.9960344809310837
V03910,2024-10-23 11:38:24.798930,2024-10-23 13:36:00.798930,1.96,1.7740444534944109
V05717,2024-10-23 15:20:08.710188,2024-10-23 16:45:56.710188,1.43,1.4171198025200185
V05600,2024-10-23 17:17:57.493917,2024-10-23 18:50:21.493917,1.54,1.6618013188678558
V01610,2024-10-23 22:05:56.399135,2024-10-24 00:40:44.399135,2.58,2.832109989549291
V05910,2024-10-24 05:08:02.048296,2024-10-24 06:25:26.048296,1.29,1.2778955390032718
V05227,2024-10-24 05:28:33.240472,2024-10-24 07:19:33.240472,1.85,1.8982242902715973
V01292,2024-10-24 07:24:04.370219,2024-10-24 09:51:04.370219,2.45,2.7817144584309754
V05467,2024-10-24 13:53:09.925369,2024-10-24 16:12:57.925369,2.33,3.057444631817865
V01477,2024-10-24 17:50:10.090755,2024-10-24 19:30:22.090755,1.67,1.5231821933574694
V04418,2024-10-25 00:20:01.694103,2024-10-25 02:03:13.694103,1.72,1.7594782334465653
V02287,2024-10-25 01:29:42.109212,2024-10-25 02:55:30.109212,1.43,1.2976650003577475
V05883,2024-10-25 21:24:50.096670,2024-10-25 23:14:38.096670,1.83,1.5806765170399588
V02524,2024-10-26 01:29:44.995721,2024-10-26 03:21:20.995721,1.86,1.7653336304633864
V02436,2024-10-26 03:24:52.559031,2024-10-26 06:08:04.559031,2.72,2.7610000804844717
V03838,2024-10-26 04:31:36.176988,2024-10-26 06:34:36.176988,2.05,2.4424647902782555
V03709,2024-10-26 07:43:20.773252,2024-10-26 10:02:32.773252,2.32,2.43909363605866
V05329,2024-10-27 03:38:42.899183,2024-10-27 05:23:42.899183,1.75,1.721586443802081
V01468,2024-10-27 08:34:51.256231,2024-10-27 10:32:27.256231,1.96,1.780983047958013
V04580,2024-10-27 19:36:27.820146,2024-10-27 21:57:27.820146,2.35,2.6840370506582487
V05582,2024-10-28 03:36:47.032717,2024-10-28 05:27:47.032717,1.85,1.7935141203163352
V01194,2024-10-28 03:39:55.473743,2024-10-28 05:14:43.473743,1.58,1.4859244152241335
V03546,2024-10-28 03:57:30.168297,2024-10-28 05:45:30.168297,1.8,1.7280409728002424
V01813,2024-10-28 09:24:32.827309,2024-10-28 11:04:08.827309,1.66,1.3395074281465749
V01264,2024-10-28 13:17:24.029377,2024-10-28 14:30:36.029377,1.22,1.528112140514104
V05079,2024-10-28 22:11:03.078575,2024-10-29 00:04:27.078575,1.89,1.7715605986225327
V03262,2024-10-29 04:59:52.487539,2024-10-29 08:37:04.487539,3.62,3.0300295953529455
V05568,2024-10-29 07:58:27.345516,2024-10-29 09:18:15.345516,1.33,1.2894182050223943
V02368,2024-10-29 16:52:48.070866,2024-10-29 18:31:48.070866,1.65,1.631233001333947
V01388,2024-10-29 19:11:12.947798,2024-10-29 20:18:24.947798,1.12,1.2519295804095836
V04144,2024-10-29 23:24:09.993766,2024-10-30 01:03:09.993766,1.65,1.866649421058784
V05108,2024-10-30 02:34:54.916918,2024-10-30 05:48:06.916918,3.22,3.0308005211340516
V04792,2024-10-30 12:33:02.620781,2024-10-30 14:00:38.620781,1.46,1.4079395550570275
V04292,2024-10-30 20:43:49.075298,2024-10-30 23:43:13.075298,2.99,3.1103212012607786
V02569,2024-10-31 02:30:02.924092,2024-10-31 03:48:02.924092,1.3,1.4252461394111873
V02887,2024-10-31 05:15:03.497907,2024-10-31 07:18:03.497907,2.05,1.6882350471006058
V04582,2024-10-31 22:11:12.637923,2024-11-01 00:38:12.637923,2.45,2.740763286009197
V03468,2024-10-31 23:30:56.774352,2024-11-01 01:08:08.774352,1.62,1.464431993445884
V04309,2024-11-01 03:53:29.973039,2024-11-01 05:58:17.973039,2.08,1.7028195593517688
V03804,2024-11-01 22:40:44.617728,2024-11-02 00:12:32.617728,1.53,1.7940568771037455
V01901,2024-11-02 01:26:41.863373,2024-11-02 03:02:05.863373,1.59,1.353637437682896
V05449,2024-11-02 02:49:38.294776,2024-11-02 04:09:26.294776,1.33,1.4080564555622788
V02407,2024-11-02 04:40:59.048840,2024-11-02 08:16:59.048840,3.6,2.761532286181531
V01423,2024-11-02 06:49:51.636929,2024-11-02 10:25:51.636929,3.6,3.327260206894498
V04005,2024-11-02 09:02:41.224712,2024-11-02 11:35:05.224712,2.54,2.5685916937511806
V05795,2024-11-02 10:22:34.218753,2024-11-02 12:54:22.218753,2.53,2.9468883491594786
V03270,2024-11-02 13:04:48.116719,2024-11-02 14:39:36.116719,1.58,1.8014799680304439
V04783,2024-11-02 15:17:03.684866,2024-11-02 16:53:03.684866,1.6,1.4391501426497235
V01673,2024-11-02 17:40:19.227220,2024-11-02 19:25:19.227220,1.75,1.5188973654622644
V04179,2024-11-02 20:55:52.288795,2024-11-02 22:10:52.288795,1.25,1.2907306255879218
V02045,2024-11-02 23:59:06.400132,2024-11-03 01:48:54.400132,1.83,1.6404918412987244
V04242,2024-11-03 04:21:20.261388,2024-11-03 06:51:56.261388,2.51,2.68399199215549
V02159,2024-11-03 08:03:21.950938,2024-11-03 09:12:57.950938,1.16,1.37422552799082
V03774,2024-11-03 08:58:39.865863,2024-11-03 09:50:15.865863,0.86,1.3718076973441566
V05477,2024-11-03 09:55:43.771617,2024-11-03 13:41:19.771617,3.76,3.2691261895068546
V03881,2024-11-03 10:10:28.740450,2024-11-03 13:12:52.740450,3.04,2.724137057160212
V03339,2024-11-03 14:26:40.232035,2024-11-03 17:40:28.232035,3.23,3.171986401093232
V04336,2024-11-03 18:37:54.175862,2024-11-03 20:54:42.175862,2.28,2.3848743812306097
V04561,2024-11-03 18:59:58.043947,2024-11-03 20:47:22.043947,1.79,1.4688279682476442
V02054,2024-11-03 20:18:57.177236,2024-11-03 23:01:33.177236,2.71,2.552710632415206
V01544,2024-11-04 02:50:24.889538,2024-11-04 05:22:48.889538,2.54,2.7021303100060106
V02143,2024-11-04 05:43:06.657361,2024-11-04 06:53:54.657361,1.18,1.4347059910818625
V02364,2024-11-04 17:28:30.943582,2024-11-04 18:38:06.943582,1.16,1.4624046609874357
V05391,2024-11-05 02:57:04.143865,2024-11-05 06:00:04.143865,3.05,3.27143702357468
V02765,2024-11-05 05:13:26.854928,2024-11-05 08:09:50.854928,2.94,2.9393288522425403
V05551,2024-11-05 15:26:03.355800,2024-11-05 18:42:51.355800,3.28,2.50547280728963
V01658,2024-11-05 16:44:23.805979,2024-11-05 17:54:35.805979,1.17,1.199548094123819
V04848,2024-11-05 17:36:25.665666,2024-11-05 20:13:01.665666,2.61,2.763725675606233
V03226,2024-11-05 23:18:27.887346,2024-11-06 01:21:27.887346,2.05,1.8193993834842717
V03851,2024-11-06 00:07:54.117434,2024-11-06 02:49:54.117434,2.7,2.4816135269394866
V05195,2024-11-06 07:13:01.113307,2024-11-06 08:31:01.113307,1.3,1.2523781970290007
V01160,2024-11-06 18:04:01.209788,2024-11-06 19:37:01.209788,1.55,1.6928551049286953
V04575,2024-11-06 19:22:54.778500,2024-11-06 20:52:18.778500,1.49,1.6902820230150069
V04604,2024-11-06 22:46:46.847162,2024-11-07 00:46:46.847162,2.0,1.665356706571108
V04960,2024-11-07 03:03:01.034894,2024-11-07 04:45:01.034894,1.7,2.3482972072367216
V05743,2024-11-07 05:07:19.072280,2024-11-07 07:23:31.072280,2.27,1.8538740256136994
V01159,2024-11-07 06:24:12.468697,2024-11-07 07:40:24.468697,1.27,1.6846291378348046
V05015,2024-11-08 01:53:43.462876,2024-11-08 03:48:55.462876,1.92,1.6855533690186437
V04621,2024-11-08 03:51:58.611360,2024-11-08 05:22:34.611360,1.51,1.4834294869531537
V02456,2024-11-08 11:11:52.814459,2024-11-08 12:41:16.814459,1.49,1.685411414955192
V03414,2024-11-08 11:55:58.746702,2024-11-08 14:16:22.746702,2.34,2.4385378607659627
V01332,2024-11-08 17:29:53.886973,2024-11-08 21:04:05.886973,3.57,3.0391896219992116
V02753,2024-11-09 00:16:09.588838,2024-11-09 01:51:33.588838,1.59,1.7797143425947226
V02117,2024-11-09 07:42:16.231033,2024-11-09 10:56:40.231033,3.24,2.694770382441777
V02770,2024-11-09 11:13:15.241448,2024-11-09 13:15:39.241448,2.04,1.834920780356227
V03148,2024-11-09 11:42:40.482319,2024-11-09 13:06:04.482319,1.39,1.4086030471412843
V02883,2024-11-09 12:55:53.500365,2024-11-09 14:48:41.500365,1.88,1.7972108905565203
V04954,2024-11-09 16:51:01.664144,2024-11-09 18:13:49.664144,1.38,1.3566409569836613
V03113,2024-11-09 18:09:02.266674,2024-11-09 19:38:26.266674,1.49,1.5034745349237704
V02797,2024-11-09 18:55:44.329626,2024-11-09 20:41:20.329626,1.76,1.4563013198647634
V05938,2024-11-09 22:11:08.153847,2024-11-09 23:30:20.153847,1.32,1.3590360141686098
V05487,2024-11-09 23:08:04.667136,2024-11-10 00:51:16.667136,1.72,1.7176380531780646
V05788,2024-11-09 23:38:47.094549,2024-11-10 01:32:11.094549,1.89,1.832856688333127
V03317,2024-11-10 03:33:13.290993,2024-11-10 05:50:37.290993,2.29,2.7056930109332598
V05638,2024-11-10 05:02:04.085568,2024-11-10 06:17:40.085568,1.26,1.407588842269694
V05096,2024-11-10 05:47:18.721102,2024-11-10 07:37:06.721102,1.83,1.7871126227392493
V02941,2024-11-10 07:12:53.630902,2024-11-10 10:34:29.630902,3.36,3.2742284275264746
V05896,2024-11-10 08:20:39.362288,2024-11-10 09:31:27.362288,1.18,1.5032449568088757
V05994,2024-11-10 11:46:10.476212,2024-11-10 13:04:10.476212,1.3,1.3005971281213957
V04818,2024-11-10 15:19:19.528003,2024-11-10 16:53:31.528003,1.57,1.6985024386489738
V01671,2024-11-10 15:32:07.196108,2024-11-10 17:15:55.196108,1.73,1.7050516080617248
V02818,2024-11-10 16:53:42.882241,2024-11-10 18:07:30.882241,1.23,1.4404999691800446
V04286,2024-11-10 22:23:31.980936,2024-11-11 00:40:19.980936,2.28,2.3545729512216638
V02588,2024-11-10 23:40:23.656938,2024-11-11 01:00:47.656938,1.34,1.4824136345930303
V05672,2024-11-11 00:04:30.972797,2024-11-11 01:29:42.972797,1.42,1.477977493955206
V03515,2024-11-11 04:59:18.501271,2024-11-11 08:22:06.501271,3.38,2.7429831007258256
V04534,2024-11-11 10:56:46.749322,2024-11-11 12:15:58.749322,1.32,1.2630508150572266
V03026,2024-11-11 13:43:42.601951,2024-11-11 17:21:30.601951,3.63,2.474379742953488
V02724,2024-11-12 07:20:43.067539,2024-11-12 08:50:07.067539,1.49,1.512752861704076
V03675,2024-11-12 17:28:59.300443,2024-11-12 18:43:23.300443,1.24,1.4134370888639007
V05414,2024-11-13 10:14:42.554351,2024-11-13 12:01:30.554351,1.78,1.78811495766621
V03301,2024-11-13 10:53:28.046522,2024-11-13 12:19:52.046522,1.44,1.2424918264081666
V02461,2024-11-13 11:03:00.503499,2024-11-13 14:36:00.503499,3.55,3.2529173110410934
V01148,2024-11-13 16:41:56.943337,2024-11-13 18:37:44.943337,1.93,1.8865171838631691
V05013,2024-11-13 17:16:57.361514,2024-11-13 18:38:33.361514,1.36,1.492445158733376
V02789,2024-11-14 10:10:02.071791,2024-11-14 11:28:38.071791,1.31,1.49607860378983
V04570,2024-11-14 11:51:10.272732,2024-11-14 13:24:10.272732,1.55,1.8523167900977047
V02501,2024-11-14 12:08:11.246506,2024-11-14 13:24:59.246506,1.28,1.4897755474537402
V01173,2024-11-14 13:13:44.675050,2024-11-14 15:07:08.675050,1.89,1.8560982297709172
V01234,2024-11-14 14:33:34.790557,2024-11-14 16:03:34.790557,1.5,1.7404891831824263
V01153,2024-11-14 18:42:57.491892,2024-11-14 19:58:33.491892,1.26,1.1733554673735413
V02781,2024-11-14 18:58:23.757361,2024-11-14 20:22:59.757361,1.41,1.6658306303519375
V02728,2024-11-14 20:22:29.789218,2024-11-14 21:47:05.789218,1.41,1.447049897676213
V01387,2024-11-14 23:41:50.652171,2024-11-15 01:44:14.652171,2.04,1.8090414907729069
V03825,2024-11-15 01:42:20.197907,2024-11-15 04:21:20.197907,2.65,2.4677169935706713
V04207,2024-11-15 03:19:52.525062,2024-11-15 05:07:52.525062,1.8,1.7114301005278656
V01730,2024-11-16 02:42:22.464610,2024-11-16 05:26:46.464610,2.74,2.8802831024746114
V05729,2024-11-16 03:27:42.803571,2024-11-16 06:25:54.803571,2.97,2.4820356303328297
V03316,2024-11-16 18:57:07.170377,2024-11-16 22:13:19.170377,3.27,2.9909073727871758
V03250,2024-11-17 05:39:10.547019,2024-11-17 08:26:34.547019,2.79,2.8545848434175864
V02935,2024-11-17 19:41:24.213324,2024-11-17 21:39:36.213324,1.97,1.6651965851852024
V05669,2024-11-17 19:56:46.457746,2024-11-17 23:07:34.457746,3.18,2.953929630510623
V04868,2024-11-17 20:12:27.756956,2024-11-17 22:03:27.756956,1.85,1.790232884625822
V03422,2024-11-17 20:32:53.025928,2024-11-17 22:38:53.025928,2.1,1.7052110710369632
V01156,2024-11-17 21:16:36.899353,2024-11-17 22:49:00.899353,1.54,1.4940305917499577
V03338,2024-11-18 00:35:35.618663,2024-11-18 02:07:23.618663,1.53,1.8945438965445525
V05135,2024-11-18 05:09:27.925307,2024-11-18 08:16:39.925307,3.12,2.800098660144643
V01803,2024-11-18 22:17:43.292050,2024-11-18 23:42:55.292050,1.42,1.6536784643680704
V03269,2024-11-19 17:24:10.276486,2024-11-19 19:35:34.276486,2.19,2.4905319794291074
V05631,2024-11-19 19:01:24.324568,2024-11-19 20:48:12.324568,1.78,1.7708986856518134
V04011,2024-11-19 21:22:40.691633,2024-11-20 00:10:40.691633,2.8,2.722223950455731
V02343,2024-11-20 00:19:43.522623,2024-11-20 02:16:07.522623,1.94,1.4630677309021074
V03775,2024-11-20 01:25:04.596882,2024-11-20 02:43:04.596882,1.3,1.269223442297874
V03773,2024-11-20 04:49:25.709084,2024-11-20 07:29:01.709084,2.66,2.820381873479837
V05244,2024-11-20 13:40:56.262549,2024-11-20 15:07:56.262549,1.45,1.2980598428198074
V03863,2024-11-20 13:59:26.482255,2024-11-20 16:36:38.482255,2.62,2.671168055506389
V03520,2024-11-21 03:13:27.074163,2024-11-21 04:48:51.074163,1.59,1.5559463627180716
V01927,2024-11-21 05:41:55.396827,2024-11-21 06:54:31.396827,1.21,1.3067483280501666
V05002,2024-11-21 09:25:38.062333,2024-11-21 12:22:38.062333,2.95,2.4671603822982355
V04143,2024-11-22 01:13:12.335466,2024-11-22 02:34:48.335466,1.36,1.569486407541929
V04159,2024-11-22 01:15:28.627953,2024-11-22 02:53:52.627953,1.64,1.478620980553297
V03195,2024-11-22 07:55:34.794488,2024-11-22 11:35:46.794488,3.67,3.2615954784026706
V01900,2024-11-22 07:56:11.124323,2024-11-22 09:07:35.124323,1.19,1.4157202155647797
V02961,2024-11-22 10:34:48.358297,2024-11-22 12:09:00.358297,1.57,1.2641280959509782
V05843,2024-11-22 10:48:07.220073,2024-11-22 12:15:43.220073,1.46,1.391248876765668
V03389,2024-11-22 13:43:14.948629,2024-11-22 14:55:50.948629,1.21,1.338030291670037
V04497,2024-11-22 15:31:53.393081,2024-11-22 17:12:41.393081,1.68,1.5195642058403127
V05835,2024-11-22 21:14:23.764611,2024-11-22 22:21:35.764611,1.12,1.3123826599404171
V04256,2024-11-23 00:28:14.864488,2024-11-23 02:36:38.864488,2.14,1.8915253457431096
V04862,2024-11-23 02:02:24.677526,2024-11-23 03:18:36.677526,1.27,1.3938203514281802
V01385,2024-11-23 12:26:50.155005,2024-11-23 14:59:14.155005,2.54,2.8346600766377685
V01094,2024-11-23 13:48:23.022384,2024-11-23 15:42:59.022384,1.91,1.8319944538118909
V01547,2024-11-23 23:09:30.573546,2024-11-24 02:10:42.573546,3.02,2.367996134990811
V04259,2024-11-23 23:31:44.176618,2024-11-24 02:03:32.176618,2.53,2.2728954859879456
V05558,2024-11-24 05:52:21.578763,2024-11-24 07:03:09.578763,1.18,1.7156677302503582
V04265,2024-11-24 21:55:30.245205,2024-11-24 23:40:30.245205,1.75,1.681541186785328
V02513,2024-11-24 23:52:13.282061,2024-11-25 01:25:13.282061,1.55,1.4639561530152787
V01118,2024-11-25 00:05:14.816440,2024-11-25 01:49:02.816440,1.73,1.719399271794121
V03315,2024-11-25 06:07:28.108776,2024-11-25 09:13:28.108776,3.1,3.1670275101104606
V05243,2024-11-25 06:29:05.889811,2024-11-25 07:57:17.889811,1.47,1.3024074885997758
V04485,2024-11-25 11:51:15.007602,2024-11-25 13:41:39.007602,1.84,1.84463625649351
V04750,2024-11-26 00:32:09.703290,2024-11-26 02:15:21.703290,1.72,2.5793115986172075
V02327,2024-11-26 06:45:16.961087,2024-11-26 08:27:16.961087,1.7,2.5114973793250477
V03906,2024-11-26 06:47:03.957032,2024-11-26 10:05:03.957032,3.3,2.6998136313218515
V01687,2024-11-26 15:10:15.842248,2024-11-26 18:07:15.842248,2.95,2.5519653000837335
V02194,2024-11-26 21:59:09.904484,2024-11-27 00:30:21.904484,2.52,2.381623973553685
V01789,2024-11-26 22:44:13.652725,2024-11-27 02:09:25.652725,3.42,2.844472208403735
V01239,2024-11-27 09:46:38.016582,2024-11-27 11:31:02.016582,1.74,1.802147585383428
V02785,2024-11-27 11:03:04.492675,2024-11-27 12:16:52.492675,1.23,1.4312282543406065
V01611,2024-11-27 15:09:25.318638,2024-11-27 16:32:49.318638,1.39,1.47810727345826
V03729,2024-11-27 19:39:57.855533,2024-11-27 21:32:45.855533,1.88,2.51780508655857
V01076,2024-11-27 22:53:49.432791,2024-11-28 01:27:25.432791,2.56,3.1111007258805587
V03840,2024-11-28 03:14:44.328814,2024-11-28 04:42:20.328814,1.46,1.7115686166033857
V04128,2024-11-28 14:45:36.975967,2024-11-28 16:07:12.975967,1.36,1.7358659385732724
V05654,2024-11-28 20:33:27.430589,2024-11-28 22:00:27.430589,1.45,1.6939232939931188
V05390,2024-11-28 21:32:02.021314,2024-11-28 23:05:38.021314,1.56,1.3761081122788281
V05725,2024-11-29 14:50:27.825998,2024-11-29 16:28:15.825998,1.63,1.8277592847768256
V05057,2024-11-30 00:38:37.736362,2024-11-30 03:43:25.736362,3.08,2.589547063115358
V02090,2024-11-30 04:08:26.111397,2024-11-30 05:34:50.111397,1.44,1.4553199533280226
V02413,2024-11-30 07:53:59.246525,2024-11-30 09:22:47.246525,1.48,1.4328186115111352
V03511,2024-11-30 08:38:15.325512,2024-11-30 10:11:51.325512,1.56,1.4587853977591743
V03817,2024-11-30 09:36:16.267885,2024-11-30 12:50:40.267885,3.24,3.2747044769631106
V05951,2024-11-30 13:28:06.944918,2024-11-30 14:50:18.944918,1.37,1.495675787149099
V02520,2024-11-30 16:52:35.435960,2024-11-30 20:27:23.435960,3.58,2.7552692591141357
V04558,2024-12-01 10:19:54.852581,2024-12-01 11:37:18.852581,1.29,1.2344344298076795
V03710,2024-12-01 20:43:16.539772,2024-12-01 22:30:40.539772,1.79,1.5678358094850013
V05861,2024-12-02 16:20:18.086708,2024-12-02 19:07:42.086708,2.79,2.902584114930293
V04921,2024-12-02 23:02:33.549611,2024-12-03 01:43:57.549611,2.69,2.690981714883605
V05693,2024-12-03 02:21:04.198923,2024-12-03 05:24:04.198923,3.05,2.7484734195274916
V02331,2024-12-03 14:19:53.418736,2024-12-03 17:03:41.418736,2.73,2.980234507605638
V04200,2024-12-03 18:39:09.581420,2024-12-03 21:45:09.581420,3.1,3.0140960520266837
V01962,2024-12-03 22:52:18.752588,2024-12-04 00:51:06.752588,1.98,1.6170389421580094
V01017,2024-12-04 13:23:33.533791,2024-12-04 16:28:21.533791,3.08,3.2076854726588246
V02055,2024-12-04 19:46:52.705380,2024-12-04 21:28:16.705380,1.69,1.813571096471085
V04713,2024-12-04 20:48:38.959922,2024-12-04 23:15:38.959922,2.45,3.1882896556887745
V05584,2024-12-04 22:40:21.982852,2024-12-05 00:42:09.982852,2.03,2.149207361979489
V03194,2024-12-05 07:17:57.633519,2024-12-05 08:47:57.633519,1.5,1.489685866608713
V04420,2024-12-05 15:14:28.904272,2024-12-05 18:34:16.904272,3.33,3.2752327543004314
V03012,2024-12-05 16:04:02.877249,2024-12-05 18:46:38.877249,2.71,2.9633235179317934
V05808,2024-12-05 16:55:17.996814,2024-12-05 19:12:05.996814,2.28,2.4974503694331363
V03708,2024-12-06 06:01:30.315588,2024-12-06 08:39:54.315588,2.64,2.925870260145868
V02302,2024-12-06 16:53:09.364386,2024-12-06 18:37:33.364386,1.74,1.4470175456708074
V03016,2024-12-06 18:23:39.452607,2024-12-06 21:29:03.452607,3.09,2.935551340560391
V02285,2024-12-06 18:59:52.893193,2024-12-06 21:22:40.893193,2.38,2.5244483837741383
V05302,2024-12-07 05:45:05.067949,2024-12-07 07:33:05.067949,1.8,1.719695282994668
V05565,2024-12-07 15:47:47.585784,2024-12-07 19:05:11.585784,3.29,2.955466747677571
V04618,2024-12-07 17:04:50.960236,2024-12-07 19:13:50.960236,2.15,1.76791087397106
V03932,2024-12-07 20:15:21.376175,2024-12-07 21:53:09.376175,1.63,1.613133753474822
V04918,2024-12-07 21:32:39.981399,2024-12-07 22:27:51.981399,0.92,1.4014760871756091
V05882,2024-12-08 01:31:01.760013,2024-12-08 03:13:01.760013,1.7,1.3385358278899886
V03404,2024-12-08 06:53:16.244765,2024-12-08 08:48:28.244765,1.92,2.207804888219749
V01669,2024-12-08 11:10:15.958010,2024-12-08 13:43:15.958010,2.55,2.652680838121309
V03052,2024-12-08 11:50:38.949659,2024-12-08 13:30:14.949659,1.66,1.7876297376950028
V02249,2024-12-09 04:50:11.472798,2024-12-09 06:15:59.472798,1.43,1.4775687479976982
V03042,2024-12-09 10:50:55.762732,2024-12-09 14:17:19.762732,3.44,3.00820649611076
V01213,2024-12-09 17:19:58.825761,2024-12-09 18:26:34.825761,1.11,1.395920051712518
V02232,2024-12-09 21:55:07.748105,2024-12-10 00:29:55.748105,2.58,2.970763380464898
V02589,2024-12-10 06:07:16.152323,2024-12-10 07:11:28.152323,1.07,1.1556706786568864
V05736,2024-12-10 06:15:08.176213,2024-12-10 07:50:32.176213,1.59,1.4537858568190205
V04270,2024-12-10 07:42:29.652081,2024-12-10 09:35:53.652081,1.89,1.7753662766250875
V03380,2024-12-10 09:15:49.845289,2024-12-10 11:56:01.845289,2.67,2.452795430999776
V01491,2024-12-11 08:59:36.637960,2024-12-11 10:28:24.637960,1.48,1.9071482163260294
V05270,2024-12-11 09:06:19.085840,2024-12-11 10:42:55.085840,1.61,1.4534453414762496
V04151,2024-12-11 23:13:55.938015,2024-12-12 00:39:43.938015,1.43,1.368418063344666
V04975,2024-12-11 23:38:32.504528,2024-12-12 02:55:20.504528,3.28,3.392242933088971
V01448,2024-12-12 00:06:19.346584,2024-12-12 03:21:55.346584,3.26,2.862874495857388
V05627,2024-12-12 00:48:42.526750,2024-12-12 02:32:30.526750,1.73,1.425465111544929
V02685,2024-12-12 01:44:59.969487,2024-12-12 04:47:59.969487,3.05,2.8812740047865377
V01265,2024-12-12 02:23:42.486450,2024-12-12 03:40:30.486450,1.28,1.4752437840150492
V04457,2024-12-12 03:55:38.961305,2024-12-12 06:11:50.961305,2.27,2.3734441183432944
V01877,2024-12-12 13:30:17.923939,2024-12-12 16:14:41.923939,2.74,2.671250390087444
V02965,2024-12-12 22:16:46.898703,2024-12-13 01:02:58.898703,2.77,2.445206513647193
V01767,2024-12-13 07:28:15.068761,2024-12-13 08:45:03.068761,1.28,1.4967736159389247
V05236,2024-12-13 10:18:03.361353,2024-12-13 11:37:15.361353,1.32,1.3771439707158386
V01821,2024-12-13 18:05:01.908208,2024-12-13 20:30:13.908208,2.42,2.4698276937648047
V03143,2024-12-13 23:39:41.364116,2024-12-14 01:17:29.364116,1.63,1.4893528710650412
V05322,2024-12-14 01:53:12.401793,2024-12-14 05:37:00.401793,3.73,3.1324235156316482
V04135,2024-12-14 05:07:10.434492,2024-12-14 08:25:46.434492,3.31,2.8777250537439567
V01787,2024-12-14 05:32:10.884813,2024-12-14 08:02:46.884813,2.51,2.4616598007383024
V05723,2024-12-14 07:21:25.859229,2024-12-14 10:02:49.859229,2.69,2.3983229926918668
V03861,2024-12-14 14:20:07.372417,2024-12-14 19:55:31.372417,5.59,3.849061158281843
V04908,2024-12-14 19:05:26.882211,2024-12-14 22:31:14.882211,3.43,3.0525446133776093
V03993,2024-12-14 22:22:52.913656,2024-12-15 01:19:16.913656,2.94,2.619365923038357
V03674,2024-12-15 00:54:11.024644,2024-12-15 03:15:11.024644,2.35,2.419406145576298
V02229,2024-12-15 02:27:37.458078,2024-12-15 04:42:37.458078,2.25,2.7078580331631157
V02404,2024-12-15 07:08:26.857790,2024-12-15 10:34:50.857790,3.44,3.286545591877503
V02421,2024-12-15 09:58:21.651874,2024-12-15 11:41:33.651874,1.72,1.291168413223255
V02778,2024-12-15 11:59:31.736055,2024-12-15 15:13:55.736055,3.24,2.679438600794521
V05282,2024-12-15 13:14:57.376657,2024-12-15 15:11:57.376657,1.95,2.2982076420986406
V02684,2024-12-15 13:20:03.443365,2024-12-15 14:47:39.443365,1.46,1.7665194066686358
V04854,2024-12-15 14:24:49.103066,2024-12-15 15:40:25.103066,1.26,1.6251575751773468
V03419,2024-12-15 15:15:22.602726,2024-12-15 17:05:46.602726,1.84,1.463058719834709
V02030,2024-12-15 18:40:08.163335,2024-12-15 23:01:44.163335,4.36,3.634506331905833
V01347,2024-12-16 07:02:46.383651,2024-12-16 10:40:34.383651,3.63,3.502502125825065
V03580,2024-12-16 14:54:29.970535,2024-12-16 16:54:29.970535,2.0,1.8329960686770157
V03109,2024-12-17 00:14:33.443045,2024-12-17 01:40:21.443045,1.43,1.5057238403495257
V03928,2024-12-17 00:50:11.265798,2024-12-17 02:14:47.265798,1.41,1.3245148115515135
V01028,2024-12-17 01:37:00.042228,2024-12-17 03:06:24.042228,1.49,1.522030471230975
V03200,2024-12-17 06:10:27.964273,2024-12-17 07:22:27.964273,1.2,1.4808903700917906
V03707,2024-12-17 09:34:47.676088,2024-12-17 11:01:47.676088,1.45,1.279772192104416
V03801,2024-12-17 15:56:16.039593,2024-12-17 18:41:52.039593,2.76,2.4993586469534517
V03284,2024-12-17 17:44:06.692396,2024-12-17 20:20:42.692396,2.61,2.8330445542900358
V03386,2024-12-17 23:29:43.538362,2024-12-18 01:53:43.538362,2.4,2.255258097784238
V02825,2024-12-18 04:01:11.664872,2024-12-18 04:39:35.664872,0.64,1.2271960198497909
V01690,2024-12-18 06:53:09.638360,2024-12-18 08:57:21.638360,2.07,1.8022260371921637
V03363,2024-12-18 09:25:04.332058,2024-12-18 12:26:52.332058,3.03,3.000785694372154
V04491,2024-12-18 09:38:18.346655,2024-12-18 12:11:54.346655,2.56,2.874562991801555
V01831,2024-12-18 16:37:24.480844,2024-12-18 19:57:48.480844,3.34,2.96776262680767
V05809,2024-12-18 16:53:06.210925,2024-12-18 18:32:06.210925,1.65,1.6576831750551642
V04327,2024-12-18 18:06:27.497285,2024-12-18 19:11:15.497285,1.08,1.5377656020750459
V02351,2024-12-19 05:55:48.231624,2024-12-19 09:50:24.231624,3.91,3.159416598312137
V03318,2024-12-19 10:51:52.634506,2024-12-19 12:24:16.634506,1.54,1.4691055968990079
V05462,2024-12-19 13:07:25.935750,2024-12-19 16:38:01.935750,3.51,3.135940825951863
V05143,2024-12-19 15:23:43.488559,2024-12-19 17:11:07.488559,1.79,1.7740874437420573
V04992,2024-12-19 21:04:10.582797,2024-12-19 22:29:58.582797,1.43,1.793193785774163
V05260,2024-12-20 01:41:59.635612,2024-12-20 03:17:23.635612,1.59,1.3401888959779942
V02559,2024-12-20 03:46:42.862792,2024-12-20 05:57:30.862792,2.18,2.4764938177406304
V05008,2024-12-20 09:20:28.543984,2024-12-20 12:33:40.543984,3.22,3.074351013427349
V05630,2024-12-20 09:45:32.001802,2024-12-20 11:43:44.001802,1.97,2.4584079751307097
V02166,2024-12-20 11:02:32.868882,2024-12-20 14:19:20.868882,3.28,2.977656544102051
V05274,2024-12-20 22:27:38.817614,2024-12-20 23:19:50.817614,0.87,1.2388013475419233
V05294,2024-12-22 04:57:03.753660,2024-12-22 06:34:15.753660,1.62,1.4267001875516252
V01495,2024-12-22 06:10:46.832696,2024-12-22 08:08:58.832696,1.97,1.6596063412258637
V02578,2024-12-22 07:25:23.696718,2024-12-22 10:07:23.696718,2.7,2.8335425966775265
V01092,2024-12-22 09:54:45.466404,2024-12-22 12:15:09.466404,2.34,2.4485662772386054
V02817,2024-12-22 13:01:50.143446,2024-12-22 15:45:38.143446,2.73,3.049268613387846
V02741,2024-12-22 20:31:41.785421,2024-12-22 23:34:41.785421,3.05,3.2775547785948373
V01227,2024-12-22 21:02:58.507506,2024-12-22 22:14:58.507506,1.2,1.5342596175814704
V01912,2024-12-23 02:26:34.223881,2024-12-23 05:04:58.223881,2.64,2.9401096543622702
V01484,2024-12-23 12:20:35.013019,2024-12-23 14:00:11.013019,1.66,1.5148859719261758
V03613,2024-12-23 23:33:39.231063,2024-12-24 01:45:03.231063,2.19,2.766721845020166
V01138,2024-12-24 06:20:08.377023,2024-12-24 07:44:08.377023,1.4,1.332734450169419
V02180,2024-12-24 11:47:25.957918,2024-12-24 13:58:13.957918,2.18,2.5561442454536834
V01125,2024-12-26 00:05:52.531827,2024-12-26 02:46:04.531827,2.67,2.4503382583893503
V01331,2024-12-26 05:33:18.874807,2024-12-26 08:42:54.874807,3.16,3.21644737282053
V02109,2024-12-26 08:15:48.265648,2024-12-26 10:55:24.265648,2.66,2.512051791228682
V01808,2024-12-26 11:06:25.051688,2024-12-26 12:13:37.051688,1.12,1.415283150045647
V03364,2024-12-26 18:16:10.658445,2024-12-26 21:16:10.658445,3.0,3.1827408375632382
V02317,2024-12-26 18:53:53.960615,2024-12-26 20:39:29.960615,1.76,1.4562321503064097
V01328,2024-12-26 20:46:46.837967,2024-12-26 23:04:10.837967,2.29,1.7859530167515096
V01434,2024-12-27 08:50:11.558844,2024-12-27 11:01:35.558844,2.19,2.5339429352214484
V04319,2024-12-27 18:41:24.767532,2024-12-27 21:31:48.767532,2.84,2.556796231846426
V05410,2024-12-27 19:21:44.233286,2024-12-27 20:30:44.233286,1.15,1.3059390121909238
V01185,2024-12-27 21:57:08.138050,2024-12-28 01:29:32.138050,3.54,2.6767566774072296
V02269,2024-12-27 22:33:04.261121,2024-12-28 01:20:28.261121,2.79,2.4736732307804394
V03307,2024-12-28 00:58:42.895850,2024-12-28 03:53:54.895850,2.92,2.896576525054595
V05233,2024-12-28 06:58:43.935030,2024-12-28 12:02:19.935030,5.06,3.737658862079215
V03383,2024-12-28 07:08:54.319826,2024-12-28 08:25:06.319826,1.27,1.2485488208533
V03319,2024-12-28 12:12:56.081609,2024-12-28 14:38:08.081609,2.42,3.05724344860622
V02666,2024-12-28 12:43:24.182616,2024-12-28 14:14:36.182616,1.52,1.4109804074580619
V05466,2024-12-28 18:03:06.296565,2024-12-28 20:07:18.296565,2.07,1.589808256010746
V02346,2024-12-28 18:18:08.940240,2024-12-28 19:34:20.940240,1.27,1.8493108538722904
V02455,2024-12-28 18:59:01.009797,2024-12-28 20:30:13.009797,1.52,1.7799336764802487
V05412,2024-12-28 22:43:15.978928,2024-12-29 01:37:51.978928,2.91,2.3883604248408967
V04696,2024-12-29 06:30:29.444853,2024-12-29 09:35:53.444853,3.09,2.9479707600983365
V01655,2024-12-29 15:09:03.253694,2024-12-29 17:05:27.253694,1.94,1.7674988537028056
V02335,2024-12-29 16:16:34.033741,2024-12-29 17:36:22.033741,1.33,1.465202100396422
V01732,2024-12-29 17:38:31.410284,2024-12-29 19:08:31.410284,1.5,1.6168031020753701
V04248,2024-12-29 21:05:19.426206,2024-12-29 22:12:31.426206,1.12,1.3078137722458456
V04303,2024-12-30 08:43:59.985082,2024-12-30 12:12:11.985082,3.47,3.0065119116089405
V05755,2024-12-30 15:16:10.189426,2024-12-30 19:01:10.189426,3.75,2.608834682234789
V05874,2024-12-30 17:32:27.471582,2024-12-30 20:06:39.471582,2.57,2.63333205268774
